100;Steven;King;AD_PRES;17/06/03
101;Neena;Kochhar;AD_VP;21/09/05
102;Lex;De Haan;AD_VP;13/01/01
103;Alexander;Hunold;IT_PROG;03/01/06
104;Bruce;Ernst;IT_PROG;21/05/07
105;David;Austin;IT_PROG;25/06/05
106;Valli;Pataballa;IT_PROG;05/02/06
107;Diana;Lorentz;IT_PROG;07/02/07
108;Nancy;Greenberg;FI_MGR;17/08/02
109;Daniel;Faviet;FI_ACCOUNT;16/08/02
110;John;Chen;FI_ACCOUNT;28/09/05
111;Ismael;Sciarra;FI_ACCOUNT;30/09/05
112;Jose Manuel;Urman;FI_ACCOUNT;07/03/06
113;Luis;Popp;FI_ACCOUNT;07/12/07
114;Den;Raphaely;PU_MAN;07/12/02
115;Alexander;Khoo;PU_CLERK;18/05/03
116;Shelli;Baida;PU_CLERK;24/12/05
117;Sigal;Tobias;PU_CLERK;24/07/05
118;Guy;Himuro;PU_CLERK;15/11/06
119;Karen;Colmenares;PU_CLERK;10/08/07
120;Matthew;Weiss;ST_MAN;18/07/04
121;Adam;Fripp;ST_MAN;10/04/05
122;Payam;Kaufling;ST_MAN;01/05/03
123;Shanta;Vollman;ST_MAN;10/10/05
124;Kevin;Mourgos;ST_MAN;16/11/07
125;Julia;Nayer;ST_CLERK;16/07/05
126;Irene;Mikkilineni;ST_CLERK;28/09/06
127;James;Landry;ST_CLERK;14/01/07
128;Steven;Markle;ST_CLERK;08/03/08
129;Laura;Bissot;ST_CLERK;20/08/05
130;Mozhe;Atkinson;ST_CLERK;30/10/05
131;James;Marlow;ST_CLERK;16/02/05
132;TJ;Olson;ST_CLERK;10/04/07
133;Jason;Mallin;ST_CLERK;14/06/04
134;Michael;Rogers;ST_CLERK;26/08/06
135;Ki;Gee;ST_CLERK;12/12/07
136;Hazel;Philtanker;ST_CLERK;06/02/08
137;Renske;Ladwig;ST_CLERK;14/07/03
138;Stephen;Stiles;ST_CLERK;26/10/05
139;John;Seo;ST_CLERK;12/02/06
140;Joshua;Patel;ST_CLERK;06/04/06
141;Trenna;Rajs;ST_CLERK;17/10/03
142;Curtis;Davies;ST_CLERK;29/01/05
143;Randall;Matos;ST_CLERK;15/03/06
144;Peter;Vargas;ST_CLERK;09/07/06
145;John;Russell;SA_MAN;01/10/04
146;Karen;Partners;SA_MAN;05/01/05
147;Alberto;Errazuriz;SA_MAN;10/03/05
148;Gerald;Cambrault;SA_MAN;15/10/07
149;Eleni;Zlotkey;SA_MAN;29/01/08
150;Peter;Tucker;SA_REP;30/01/05
151;David;Bernstein;SA_REP;24/03/05
152;Peter;Hall;SA_REP;20/08/05
153;Christopher;Olsen;SA_REP;30/03/06
154;Nanette;Cambrault;SA_REP;09/12/06
155;Oliver;Tuvault;SA_REP;23/11/07
156;Janette;King;SA_REP;30/01/04
157;Patrick;Sully;SA_REP;04/03/04
158;Allan;McEwen;SA_REP;01/08/04
159;Lindsey;Smith;SA_REP;10/03/05
160;Louise;Doran;SA_REP;15/12/05
161;Sarath;Sewall;SA_REP;03/11/06
162;Clara;Vishney;SA_REP;11/11/05
163;Danielle;Greene;SA_REP;19/03/07
164;Mattea;Marvins;SA_REP;24/01/08
165;David;Lee;SA_REP;23/02/08
166;Sundar;Ande;SA_REP;24/03/08
167;Amit;Banda;SA_REP;21/04/08
168;Lisa;Ozer;SA_REP;11/03/05
169;Harrison;Bloom;SA_REP;23/03/06
170;Tayler;Fox;SA_REP;24/01/06
171;William;Smith;SA_REP;23/02/07
172;Elizabeth;Bates;SA_REP;24/03/07
173;Sundita;Kumar;SA_REP;21/04/08
174;Ellen;Abel;SA_REP;11/05/04
175;Alyssa;Hutton;SA_REP;19/03/05
176;Jonathon;Taylor;SA_REP;24/03/06
177;Jack;Livingston;SA_REP;23/04/06
178;Kimberely;Grant;SA_REP;24/05/07
179;Charles;Johnson;SA_REP;04/01/08
180;Winston;Taylor;SH_CLERK;24/01/06
181;Jean;Fleaur;SH_CLERK;23/02/06
182;Martha;Sullivan;SH_CLERK;21/06/07
183;Girard;Geoni;SH_CLERK;03/02/08
184;Nandita;Sarchand;SH_CLERK;27/01/04
185;Alexis;Bull;SH_CLERK;20/02/05
186;Julia;Dellinger;SH_CLERK;24/06/06
187;Anthony;Cabrio;SH_CLERK;07/02/07
188;Kelly;Chung;SH_CLERK;14/06/05
189;Jennifer;Dilly;SH_CLERK;13/08/05
190;Timothy;Gates;SH_CLERK;11/07/06
191;Randall;Perkins;SH_CLERK;19/12/07
192;Sarah;Bell;SH_CLERK;04/02/04
193;Britney;Everett;SH_CLERK;03/03/05
194;Samuel;McCain;SH_CLERK;01/07/06
195;Vance;Jones;SH_CLERK;17/03/07
196;Alana;Walsh;SH_CLERK;24/04/06
197;Kevin;Feeney;SH_CLERK;23/05/06
198;Donald;OConnell;SH_CLERK;21/06/07
199;Douglas;Grant;SH_CLERK;13/01/08
200;Jennifer;Whalen;AD_ASST;17/09/03
201;Michael;Hartstein;MK_MAN;17/02/04
202;Pat;Fay;MK_REP;17/08/05
203;Susan;Mavris;HR_REP;07/06/02
204;Hermann;Baer;PR_REP;07/06/02
205;Shelley;Higgins;AC_MGR;07/06/02
206;William;Gietz;AC_ACCOUNT;07/06/02
